time,Bus Ruta 70
Mon 00:00:00,7992
Mon 00:05:00,7920
Mon 00:10:00,7848
Mon 00:15:00,7848
Mon 00:20:00,7632
Mon 00:25:00,7488
Mon 00:30:00,7416
Mon 00:35:00,7272
Mon 00:40:00,7056
Mon 00:45:00,6696
Mon 00:50:00,6408
Mon 00:55:00,5976
Mon 01:00:00,5400
Mon 01:05:00,5112
Mon 01:10:00,4680
Mon 01:15:00,4536
Mon 01:20:00,3888
Mon 01:25:00,3744
Mon 01:30:00,3312
Mon 01:35:00,3096
Mon 01:40:00,2592
Mon 01:45:00,2376
Mon 01:50:00,2016
Mon 01:55:00,1656
Mon 02:00:00,1656
Mon 02:05:00,1368
Mon 02:10:00,1008
Mon 02:15:00,936
Mon 02:20:00,864
Mon 02:25:00,720
Mon 02:30:00,648
Mon 02:35:00,576
Mon 02:40:00,432
Mon 02:45:00,360
Mon 02:50:00,360
Mon 02:55:00,288
Mon 03:00:00,216
Mon 03:05:00,216
Mon 03:10:00,144
Mon 03:15:00,144
Mon 03:20:00,144
Mon 03:25:00,144
Mon 03:30:00,72
Mon 03:35:00,0
Mon 03:40:00,0
Mon 03:45:00,0
Mon 03:50:00,0
Mon 03:55:00,0
Mon 04:00:00,0
Mon 04:05:00,0
Mon 04:10:00,0
Mon 04:15:00,0
Mon 04:20:00,0
Mon 04:25:00,0
Mon 04:30:00,0
Mon 04:35:00,0
Mon 04:40:00,0
Mon 04:45:00,0
Mon 04:50:00,0
Mon 04:55:00,0
Mon 05:00:00,0
Mon 05:05:00,0
Mon 05:10:00,0
Mon 05:15:00,0
Mon 05:20:00,0
Mon 05:25:00,0
Mon 05:30:00,0
Mon 05:35:00,0
Mon 05:40:00,0
Mon 05:45:00,0
Mon 05:50:00,0
Mon 05:55:00,0
Mon 06:00:00,0
Mon 06:05:00,0
Mon 06:10:00,0
Mon 06:15:00,0
Mon 06:20:00,0
Mon 06:25:00,0
Mon 06:30:00,0
Mon 06:35:00,0
Mon 06:40:00,0
Mon 06:45:00,0
Mon 06:50:00,0
Mon 06:55:00,0
Mon 07:00:00,0
Mon 07:05:00,0
Mon 07:10:00,0
Mon 07:15:00,0
Mon 07:20:00,0
Mon 07:25:00,0
Mon 07:30:00,0
Mon 07:35:00,0
Mon 07:40:00,0
Mon 07:45:00,0
Mon 07:50:00,0
Mon 07:55:00,0
Mon 08:00:00,0
Mon 08:05:00,0
Mon 08:10:00,0
Mon 08:15:00,0
Mon 08:20:00,0
Mon 08:25:00,0
Mon 08:30:00,0
Mon 08:35:00,0
Mon 08:40:00,0
Mon 08:45:00,0
Mon 08:50:00,0
Mon 08:55:00,0
Mon 09:00:00,0
Mon 09:05:00,0
Mon 09:10:00,0
Mon 09:15:00,0
Mon 09:20:00,0
Mon 09:25:00,0
Mon 09:30:00,0
Mon 09:35:00,0
Mon 09:40:00,0
Mon 09:45:00,0
Mon 09:50:00,0
Mon 09:55:00,0
Mon 10:00:00,0
Mon 10:05:00,0
Mon 10:10:00,0
Mon 10:15:00,0
Mon 10:20:00,0
Mon 10:25:00,0
Mon 10:30:00,0
Mon 10:35:00,0
Mon 10:40:00,0
Mon 10:45:00,0
Mon 10:50:00,0
Mon 10:55:00,0
Mon 11:00:00,0
Mon 11:05:00,0
Mon 11:10:00,0
Mon 11:15:00,0
Mon 11:20:00,0
Mon 11:25:00,0
Mon 11:30:00,0
Mon 11:35:00,0
Mon 11:40:00,0
Mon 11:45:00,0
Mon 11:50:00,0
Mon 11:55:00,0
Mon 12:00:00,0
Mon 12:05:00,0
Mon 12:10:00,0
Mon 12:15:00,0
Mon 12:20:00,0
Mon 12:25:00,0
Mon 12:30:00,0
Mon 12:35:00,0
Mon 12:40:00,0
Mon 12:45:00,0
Mon 12:50:00,0
Mon 12:55:00,0
Mon 13:00:00,0
Mon 13:05:00,0
Mon 13:10:00,0
Mon 13:15:00,0
Mon 13:20:00,0
Mon 13:25:00,0
Mon 13:30:00,0
Mon 13:35:00,0
Mon 13:40:00,0
Mon 13:45:00,0
Mon 13:50:00,0
Mon 13:55:00,0
Mon 14:00:00,0
Mon 14:05:00,0
Mon 14:10:00,0
Mon 14:15:00,0
Mon 14:20:00,0
Mon 14:25:00,0
Mon 14:30:00,0
Mon 14:35:00,0
Mon 14:40:00,0
Mon 14:45:00,0
Mon 14:50:00,0
Mon 14:55:00,0
Mon 15:00:00,0
Mon 15:05:00,0
Mon 15:10:00,0
Mon 15:15:00,0
Mon 15:20:00,0
Mon 15:25:00,0
Mon 15:30:00,0
Mon 15:35:00,0
Mon 15:40:00,0
Mon 15:45:00,0
Mon 15:50:00,0
Mon 15:55:00,0
Mon 16:00:00,0
Mon 16:05:00,0
Mon 16:10:00,0
Mon 16:15:00,0
Mon 16:20:00,0
Mon 16:25:00,0
Mon 16:30:00,0
Mon 16:35:00,0
Mon 16:40:00,0
Mon 16:45:00,0
Mon 16:50:00,0
Mon 16:55:00,0
Mon 17:00:00,0
Mon 17:05:00,0
Mon 17:10:00,0
Mon 17:15:00,0
Mon 17:20:00,0
Mon 17:25:00,0
Mon 17:30:00,0
Mon 17:35:00,0
Mon 17:40:00,0
Mon 17:45:00,0
Mon 17:50:00,0
Mon 17:55:00,0
Mon 18:00:00,0
Mon 18:05:00,0
Mon 18:10:00,0
Mon 18:15:00,0
Mon 18:20:00,0
Mon 18:25:00,0
Mon 18:30:00,0
Mon 18:35:00,0
Mon 18:40:00,0
Mon 18:45:00,0
Mon 18:50:00,0
Mon 18:55:00,0
Mon 19:00:00,0
Mon 19:05:00,0
Mon 19:10:00,0
Mon 19:15:00,0
Mon 19:20:00,0
Mon 19:25:00,0
Mon 19:30:00,0
Mon 19:35:00,0
Mon 19:40:00,0
Mon 19:45:00,0
Mon 19:50:00,0
Mon 19:55:00,0
Mon 20:00:00,0
Mon 20:05:00,0
Mon 20:10:00,0
Mon 20:15:00,0
Mon 20:20:00,0
Mon 20:25:00,0
Mon 20:30:00,0
Mon 20:35:00,144
Mon 20:40:00,144
Mon 20:45:00,144
Mon 20:50:00,144
Mon 20:55:00,216
Mon 21:00:00,216
Mon 21:05:00,216
Mon 21:10:00,432
Mon 21:15:00,504
Mon 21:20:00,576
Mon 21:25:00,648
Mon 21:30:00,792
Mon 21:35:00,864
Mon 21:40:00,936
Mon 21:45:00,1152
Mon 21:50:00,1584
Mon 21:55:00,1800
Mon 22:00:00,2016
Mon 22:05:00,2232
Mon 22:10:00,2448
Mon 22:15:00,2880
Mon 22:20:00,3096
Mon 22:25:00,3168
Mon 22:30:00,3816
Mon 22:35:00,4608
Mon 22:40:00,4896
Mon 22:45:00,4968
Mon 22:50:00,5616
Mon 22:55:00,6264
Mon 23:00:00,6480
Mon 23:05:00,6768
Mon 23:10:00,7128
Mon 23:15:00,7488
Mon 23:20:00,7632
Mon 23:25:00,7560
Mon 23:30:00,7848
Mon 23:35:00,7920
Mon 23:40:00,7992
Mon 23:45:00,8280
Mon 23:50:00,8424
Mon 23:55:00,8064
Tue 00:00:00,8136
Tue 00:05:00,8352
Tue 00:10:00,8208
Tue 00:15:00,8280
Tue 00:20:00,8208
Tue 00:25:00,8064
Tue 00:30:00,7704
Tue 00:35:00,7272
Tue 00:40:00,6912
Tue 00:45:00,6552
Tue 00:50:00,6336
Tue 00:55:00,5760
Tue 01:00:00,5544
Tue 01:05:00,5040
Tue 01:10:00,4896
Tue 01:15:00,4320
Tue 01:20:00,3960
Tue 01:25:00,3672
Tue 01:30:00,3312
Tue 01:35:00,3096
Tue 01:40:00,3096
Tue 01:45:00,2952
Tue 01:50:00,2592
Tue 01:55:00,2232
Tue 02:00:00,2088
Tue 02:05:00,1872
Tue 02:10:00,1584
Tue 02:15:00,1368
Tue 02:20:00,1152
Tue 02:25:00,1080
Tue 02:30:00,936
Tue 02:35:00,648
Tue 02:40:00,648
Tue 02:45:00,648
Tue 02:50:00,504
Tue 02:55:00,360
Tue 03:00:00,288
Tue 03:05:00,216
Tue 03:10:00,72
Tue 03:15:00,0
Tue 03:20:00,0
Tue 03:25:00,0
Tue 03:30:00,0
Tue 03:35:00,0
Tue 03:40:00,0
Tue 03:45:00,0
Tue 03:50:00,0
Tue 03:55:00,0
Tue 04:00:00,0
Tue 04:05:00,0
Tue 04:10:00,0
Tue 04:15:00,0
Tue 04:20:00,0
Tue 04:25:00,0
Tue 04:30:00,0
Tue 04:35:00,0
Tue 04:40:00,0
Tue 04:45:00,0
Tue 04:50:00,0
Tue 04:55:00,0
Tue 05:00:00,0
Tue 05:05:00,0
Tue 05:10:00,0
Tue 05:15:00,0
Tue 05:20:00,0
Tue 05:25:00,0
Tue 05:30:00,0
Tue 05:35:00,0
Tue 05:40:00,0
Tue 05:45:00,0
Tue 05:50:00,0
Tue 05:55:00,0
Tue 06:00:00,0
Tue 06:05:00,0
Tue 06:10:00,0
Tue 06:15:00,0
Tue 06:20:00,0
Tue 06:25:00,0
Tue 06:30:00,0
Tue 06:35:00,0
Tue 06:40:00,0
Tue 06:45:00,0
Tue 06:50:00,0
Tue 06:55:00,0
Tue 07:00:00,0
Tue 07:05:00,0
Tue 07:10:00,0
Tue 07:15:00,0
Tue 07:20:00,0
Tue 07:25:00,0
Tue 07:30:00,0
Tue 07:35:00,0
Tue 07:40:00,0
Tue 07:45:00,0
Tue 07:50:00,0
Tue 07:55:00,0
Tue 08:00:00,0
Tue 08:05:00,0
Tue 08:10:00,0
Tue 08:15:00,0
Tue 08:20:00,0
Tue 08:25:00,0
Tue 08:30:00,0
Tue 08:35:00,0
Tue 08:40:00,0
Tue 08:45:00,0
Tue 08:50:00,0
Tue 08:55:00,0
Tue 09:00:00,0
Tue 09:05:00,0
Tue 09:10:00,0
Tue 09:15:00,0
Tue 09:20:00,0
Tue 09:25:00,0
Tue 09:30:00,0
Tue 09:35:00,0
Tue 09:40:00,0
Tue 09:45:00,0
Tue 09:50:00,0
Tue 09:55:00,0
Tue 10:00:00,0
Tue 10:05:00,0
Tue 10:10:00,0
Tue 10:15:00,0
Tue 10:20:00,0
Tue 10:25:00,0
Tue 10:30:00,0
Tue 10:35:00,0
Tue 10:40:00,0
Tue 10:45:00,0
Tue 10:50:00,0
Tue 10:55:00,0
Tue 11:00:00,0
Tue 11:05:00,0
Tue 11:10:00,0
Tue 11:15:00,0
Tue 11:20:00,0
Tue 11:25:00,0
Tue 11:30:00,0
Tue 11:35:00,0
Tue 11:40:00,0
Tue 11:45:00,0
Tue 11:50:00,0
Tue 11:55:00,0
Tue 12:00:00,0
Tue 12:05:00,0
Tue 12:10:00,0
Tue 12:15:00,0
Tue 12:20:00,0
Tue 12:25:00,0
Tue 12:30:00,0
Tue 12:35:00,0
Tue 12:40:00,0
Tue 12:45:00,0
Tue 12:50:00,0
Tue 12:55:00,0
Tue 13:00:00,0
Tue 13:05:00,0
Tue 13:10:00,0
Tue 13:15:00,0
Tue 13:20:00,0
Tue 13:25:00,0
Tue 13:30:00,0
Tue 13:35:00,0
Tue 13:40:00,0
Tue 13:45:00,0
Tue 13:50:00,0
Tue 13:55:00,0
Tue 14:00:00,0
Tue 14:05:00,0
Tue 14:10:00,0
Tue 14:15:00,0
Tue 14:20:00,0
Tue 14:25:00,0
Tue 14:30:00,0
Tue 14:35:00,0
Tue 14:40:00,0
Tue 14:45:00,0
Tue 14:50:00,0
Tue 14:55:00,0
Tue 15:00:00,0
Tue 15:05:00,0
Tue 15:10:00,0
Tue 15:15:00,0
Tue 15:20:00,0
Tue 15:25:00,0
Tue 15:30:00,0
Tue 15:35:00,0
Tue 15:40:00,0
Tue 15:45:00,0
Tue 15:50:00,0
Tue 15:55:00,0
Tue 16:00:00,0
Tue 16:05:00,0
Tue 16:10:00,0
Tue 16:15:00,0
Tue 16:20:00,0
Tue 16:25:00,0
Tue 16:30:00,0
Tue 16:35:00,0
Tue 16:40:00,0
Tue 16:45:00,0
Tue 16:50:00,0
Tue 16:55:00,0
Tue 17:00:00,0
Tue 17:05:00,0
Tue 17:10:00,0
Tue 17:15:00,0
Tue 17:20:00,0
Tue 17:25:00,0
Tue 17:30:00,0
Tue 17:35:00,0
Tue 17:40:00,0
Tue 17:45:00,0
Tue 17:50:00,0
Tue 17:55:00,0
Tue 18:00:00,0
Tue 18:05:00,0
Tue 18:10:00,0
Tue 18:15:00,0
Tue 18:20:00,0
Tue 18:25:00,0
Tue 18:30:00,0
Tue 18:35:00,0
Tue 18:40:00,0
Tue 18:45:00,0
Tue 18:50:00,0
Tue 18:55:00,0
Tue 19:00:00,0
Tue 19:05:00,0
Tue 19:10:00,0
Tue 19:15:00,0
Tue 19:20:00,0
Tue 19:25:00,0
Tue 19:30:00,0
Tue 19:35:00,0
Tue 19:40:00,0
Tue 19:45:00,0
Tue 19:50:00,0
Tue 19:55:00,0
Tue 20:00:00,0
Tue 20:05:00,0
Tue 20:10:00,0
Tue 20:15:00,0
Tue 20:20:00,0
Tue 20:25:00,72
Tue 20:30:00,216
Tue 20:35:00,216
Tue 20:40:00,216
Tue 20:45:00,216
Tue 20:50:00,216
Tue 20:55:00,288
Tue 21:00:00,360
Tue 21:05:00,432
Tue 21:10:00,576
Tue 21:15:00,576
Tue 21:20:00,576
Tue 21:25:00,648
Tue 21:30:00,720
Tue 21:35:00,720
Tue 21:40:00,864
Tue 21:45:00,936
Tue 21:50:00,1080
Tue 21:55:00,1080
Tue 22:00:00,1152
Tue 22:05:00,1368
Tue 22:10:00,1368
Tue 22:15:00,1584
Tue 22:20:00,2088
Tue 22:25:00,2304
Tue 22:30:00,2520
Tue 22:35:00,2880
Tue 22:40:00,3240
Tue 22:45:00,3960
Tue 22:50:00,4104
Tue 22:55:00,4752
Tue 23:00:00,5544
Tue 23:05:00,5760
Tue 23:10:00,6408
Tue 23:15:00,6552
Tue 23:20:00,7128
Tue 23:25:00,7344
Tue 23:30:00,7704
Tue 23:35:00,8064
Tue 23:40:00,8352
Tue 23:45:00,8568
Tue 23:50:00,8856
Tue 23:55:00,8856
Wed 00:00:00,8784
Wed 00:05:00,9000
Wed 00:10:00,9072
Wed 00:15:00,9144
Wed 00:20:00,9000
Wed 00:25:00,8712
Wed 00:30:00,8568
Wed 00:35:00,8280
Wed 00:40:00,8208
Wed 00:45:00,7992
Wed 00:50:00,7560
Wed 00:55:00,6984
Wed 01:00:00,6480
Wed 01:05:00,6048
Wed 01:10:00,5688
Wed 01:15:00,5256
Wed 01:20:00,4608
Wed 01:25:00,4104
Wed 01:30:00,3744
Wed 01:35:00,3384
Wed 01:40:00,2952
Wed 01:45:00,2736
Wed 01:50:00,2376
Wed 01:55:00,1944
Wed 02:00:00,1872
Wed 02:05:00,1656
Wed 02:10:00,1512
Wed 02:15:00,1440
Wed 02:20:00,1224
Wed 02:25:00,1152
Wed 02:30:00,1008
Wed 02:35:00,792
Wed 02:40:00,648
Wed 02:45:00,432
Wed 02:50:00,360
Wed 02:55:00,360
Wed 03:00:00,360
Wed 03:05:00,288
Wed 03:10:00,288
Wed 03:15:00,216
Wed 03:20:00,216
Wed 03:25:00,144
Wed 03:30:00,144
Wed 03:35:00,144
Wed 03:40:00,144
Wed 03:45:00,72
Wed 03:50:00,0
Wed 03:55:00,0
Wed 04:00:00,0
Wed 04:05:00,0
Wed 04:10:00,0
Wed 04:15:00,0
Wed 04:20:00,0
Wed 04:25:00,0
Wed 04:30:00,0
Wed 04:35:00,0
Wed 04:40:00,0
Wed 04:45:00,0
Wed 04:50:00,0
Wed 04:55:00,0
Wed 05:00:00,0
Wed 05:05:00,0
Wed 05:10:00,0
Wed 05:15:00,0
Wed 05:20:00,0
Wed 05:25:00,0
Wed 05:30:00,0
Wed 05:35:00,0
Wed 05:40:00,0
Wed 05:45:00,0
Wed 05:50:00,0
Wed 05:55:00,0
Wed 06:00:00,0
Wed 06:05:00,0
Wed 06:10:00,0
Wed 06:15:00,0
Wed 06:20:00,0
Wed 06:25:00,0
Wed 06:30:00,0
Wed 06:35:00,0
Wed 06:40:00,0
Wed 06:45:00,0
Wed 06:50:00,0
Wed 06:55:00,0
Wed 07:00:00,0
Wed 07:05:00,0
Wed 07:10:00,0
Wed 07:15:00,0
Wed 07:20:00,0
Wed 07:25:00,0
Wed 07:30:00,0
Wed 07:35:00,0
Wed 07:40:00,0
Wed 07:45:00,0
Wed 07:50:00,0
Wed 07:55:00,0
Wed 08:00:00,0
Wed 08:05:00,0
Wed 08:10:00,0
Wed 08:15:00,0
Wed 08:20:00,0
Wed 08:25:00,0
Wed 08:30:00,0
Wed 08:35:00,0
Wed 08:40:00,0
Wed 08:45:00,0
Wed 08:50:00,0
Wed 08:55:00,0
Wed 09:00:00,0
Wed 09:05:00,0
Wed 09:10:00,0
Wed 09:15:00,0
Wed 09:20:00,0
Wed 09:25:00,0
Wed 09:30:00,0
Wed 09:35:00,0
Wed 09:40:00,0
Wed 09:45:00,0
Wed 09:50:00,0
Wed 09:55:00,0
Wed 10:00:00,0
Wed 10:05:00,0
Wed 10:10:00,0
Wed 10:15:00,0
Wed 10:20:00,0
Wed 10:25:00,0
Wed 10:30:00,0
Wed 10:35:00,0
Wed 10:40:00,0
Wed 10:45:00,0
Wed 10:50:00,0
Wed 10:55:00,0
Wed 11:00:00,0
Wed 11:05:00,0
Wed 11:10:00,0
Wed 11:15:00,0
Wed 11:20:00,0
Wed 11:25:00,0
Wed 11:30:00,0
Wed 11:35:00,0
Wed 11:40:00,0
Wed 11:45:00,0
Wed 11:50:00,0
Wed 11:55:00,0
Wed 12:00:00,0
Wed 12:05:00,0
Wed 12:10:00,0
Wed 12:15:00,0
Wed 12:20:00,0
Wed 12:25:00,0
Wed 12:30:00,0
Wed 12:35:00,0
Wed 12:40:00,0
Wed 12:45:00,0
Wed 12:50:00,0
Wed 12:55:00,0
Wed 13:00:00,0
Wed 13:05:00,0
Wed 13:10:00,0
Wed 13:15:00,0
Wed 13:20:00,0
Wed 13:25:00,0
Wed 13:30:00,0
Wed 13:35:00,0
Wed 13:40:00,0
Wed 13:45:00,0
Wed 13:50:00,0
Wed 13:55:00,0
Wed 14:00:00,0
Wed 14:05:00,0
Wed 14:10:00,0
Wed 14:15:00,0
Wed 14:20:00,0
Wed 14:25:00,0
Wed 14:30:00,0
Wed 14:35:00,0
Wed 14:40:00,0
Wed 14:45:00,0
Wed 14:50:00,0
Wed 14:55:00,0
Wed 15:00:00,0
Wed 15:05:00,0
Wed 15:10:00,0
Wed 15:15:00,0
Wed 15:20:00,0
Wed 15:25:00,0
Wed 15:30:00,0
Wed 15:35:00,0
Wed 15:40:00,0
Wed 15:45:00,0
Wed 15:50:00,0
Wed 15:55:00,0
Wed 16:00:00,0
Wed 16:05:00,0
Wed 16:10:00,0
Wed 16:15:00,0
Wed 16:20:00,0
Wed 16:25:00,0
Wed 16:30:00,0
Wed 16:35:00,0
Wed 16:40:00,0
Wed 16:45:00,0
Wed 16:50:00,0
Wed 16:55:00,0
Wed 17:00:00,0
Wed 17:05:00,0
Wed 17:10:00,0
Wed 17:15:00,0
Wed 17:20:00,0
Wed 17:25:00,0
Wed 17:30:00,0
Wed 17:35:00,0
Wed 17:40:00,0
Wed 17:45:00,0
Wed 17:50:00,0
Wed 17:55:00,0
Wed 18:00:00,0
Wed 18:05:00,0
Wed 18:10:00,0
Wed 18:15:00,0
Wed 18:20:00,0
Wed 18:25:00,0
Wed 18:30:00,0
Wed 18:35:00,0
Wed 18:40:00,0
Wed 18:45:00,0
Wed 18:50:00,0
Wed 18:55:00,0
Wed 19:00:00,0
Wed 19:05:00,0
Wed 19:10:00,0
Wed 19:15:00,0
Wed 19:20:00,0
Wed 19:25:00,0
Wed 19:30:00,0
Wed 19:35:00,0
Wed 19:40:00,0
Wed 19:45:00,0
Wed 19:50:00,0
Wed 19:55:00,0
Wed 20:00:00,0
Wed 20:05:00,0
Wed 20:10:00,0
Wed 20:15:00,0
Wed 20:20:00,0
Wed 20:25:00,0
Wed 20:30:00,0
Wed 20:35:00,0
Wed 20:40:00,0
Wed 20:45:00,0
Wed 20:50:00,0
Wed 20:55:00,144
Wed 21:00:00,288
Wed 21:05:00,288
Wed 21:10:00,360
Wed 21:15:00,360
Wed 21:20:00,432
Wed 21:25:00,720
Wed 21:30:00,864
Wed 21:35:00,1008
Wed 21:40:00,1080
Wed 21:45:00,1368
Wed 21:50:00,1512
Wed 21:55:00,1800
Wed 22:00:00,1944
Wed 22:05:00,2088
Wed 22:10:00,2520
Wed 22:15:00,2736
Wed 22:20:00,2880
Wed 22:25:00,3312
Wed 22:30:00,3456
Wed 22:35:00,3960
Wed 22:40:00,4608
Wed 22:45:00,4896
Wed 22:50:00,5112
Wed 22:55:00,5328
Wed 23:00:00,5472
Wed 23:05:00,5832
Wed 23:10:00,5904
Wed 23:15:00,6336
Wed 23:20:00,6912
Wed 23:25:00,6912
Wed 23:30:00,7416
Wed 23:35:00,7632
Wed 23:40:00,7776
Wed 23:45:00,7632
Wed 23:50:00,7992
Wed 23:55:00,8280
Thu 00:00:00,8064
Thu 00:05:00,8064
Thu 00:10:00,8136
Thu 00:15:00,8136
Thu 00:20:00,7920
Thu 00:25:00,8064
Thu 00:30:00,7632
Thu 00:35:00,7560
Thu 00:40:00,7344
Thu 00:45:00,7272
Thu 00:50:00,6840
Thu 00:55:00,6480
Thu 01:00:00,6120
Thu 01:05:00,5976
Thu 01:10:00,5616
Thu 01:15:00,5328
Thu 01:20:00,4968
Thu 01:25:00,4752
Thu 01:30:00,4392
Thu 01:35:00,4104
Thu 01:40:00,3456
Thu 01:45:00,3312
Thu 01:50:00,3024
Thu 01:55:00,2592
Thu 02:00:00,2232
Thu 02:05:00,2088
Thu 02:10:00,1584
Thu 02:15:00,1512
Thu 02:20:00,1152
Thu 02:25:00,1080
Thu 02:30:00,1080
Thu 02:35:00,864
Thu 02:40:00,576
Thu 02:45:00,432
Thu 02:50:00,360
Thu 02:55:00,360
Thu 03:00:00,216
Thu 03:05:00,216
Thu 03:10:00,144
Thu 03:15:00,72
Thu 03:20:00,72
Thu 03:25:00,72
Thu 03:30:00,72
Thu 03:35:00,0
Thu 03:40:00,0
Thu 03:45:00,0
Thu 03:50:00,0
Thu 03:55:00,0
Thu 04:00:00,0
Thu 04:05:00,0
Thu 04:10:00,0
Thu 04:15:00,0
Thu 04:20:00,0
Thu 04:25:00,0
Thu 04:30:00,0
Thu 04:35:00,0
Thu 04:40:00,0
Thu 04:45:00,0
Thu 04:50:00,0
Thu 04:55:00,0
Thu 05:00:00,0
Thu 05:05:00,0
Thu 05:10:00,0
Thu 05:15:00,0
Thu 05:20:00,0
Thu 05:25:00,0
Thu 05:30:00,0
Thu 05:35:00,0
Thu 05:40:00,0
Thu 05:45:00,0
Thu 05:50:00,0
Thu 05:55:00,0
Thu 06:00:00,0
Thu 06:05:00,0
Thu 06:10:00,0
Thu 06:15:00,0
Thu 06:20:00,0
Thu 06:25:00,0
Thu 06:30:00,0
Thu 06:35:00,0
Thu 06:40:00,0
Thu 06:45:00,0
Thu 06:50:00,0
Thu 06:55:00,0
Thu 07:00:00,0
Thu 07:05:00,0
Thu 07:10:00,0
Thu 07:15:00,0
Thu 07:20:00,0
Thu 07:25:00,0
Thu 07:30:00,0
Thu 07:35:00,0
Thu 07:40:00,0
Thu 07:45:00,0
Thu 07:50:00,0
Thu 07:55:00,0
Thu 08:00:00,0
Thu 08:05:00,0
Thu 08:10:00,0
Thu 08:15:00,0
Thu 08:20:00,0
Thu 08:25:00,0
Thu 08:30:00,0
Thu 08:35:00,0
Thu 08:40:00,0
Thu 08:45:00,0
Thu 08:50:00,0
Thu 08:55:00,0
Thu 09:00:00,0
Thu 09:05:00,0
Thu 09:10:00,0
Thu 09:15:00,0
Thu 09:20:00,0
Thu 09:25:00,0
Thu 09:30:00,0
Thu 09:35:00,0
Thu 09:40:00,0
Thu 09:45:00,0
Thu 09:50:00,0
Thu 09:55:00,0
Thu 10:00:00,0
Thu 10:05:00,0
Thu 10:10:00,0
Thu 10:15:00,0
Thu 10:20:00,0
Thu 10:25:00,0
Thu 10:30:00,0
Thu 10:35:00,0
Thu 10:40:00,0
Thu 10:45:00,0
Thu 10:50:00,0
Thu 10:55:00,0
Thu 11:00:00,0
Thu 11:05:00,0
Thu 11:10:00,0
Thu 11:15:00,0
Thu 11:20:00,0
Thu 11:25:00,0
Thu 11:30:00,0
Thu 11:35:00,0
Thu 11:40:00,0
Thu 11:45:00,0
Thu 11:50:00,0
Thu 11:55:00,0
Thu 12:00:00,0
Thu 12:05:00,0
Thu 12:10:00,0
Thu 12:15:00,0
Thu 12:20:00,0
Thu 12:25:00,0
Thu 12:30:00,0
Thu 12:35:00,0
Thu 12:40:00,0
Thu 12:45:00,0
Thu 12:50:00,0
Thu 12:55:00,0
Thu 13:00:00,0
Thu 13:05:00,0
Thu 13:10:00,0
Thu 13:15:00,0
Thu 13:20:00,0
Thu 13:25:00,0
Thu 13:30:00,0
Thu 13:35:00,0
Thu 13:40:00,0
Thu 13:45:00,0
Thu 13:50:00,0
Thu 13:55:00,0
Thu 14:00:00,0
Thu 14:05:00,0
Thu 14:10:00,0
Thu 14:15:00,0
Thu 14:20:00,0
Thu 14:25:00,0
Thu 14:30:00,0
Thu 14:35:00,0
Thu 14:40:00,0
Thu 14:45:00,0
Thu 14:50:00,0
Thu 14:55:00,0
Thu 15:00:00,0
Thu 15:05:00,0
Thu 15:10:00,0
Thu 15:15:00,0
Thu 15:20:00,0
Thu 15:25:00,0
Thu 15:30:00,0
Thu 15:35:00,0
Thu 15:40:00,0
Thu 15:45:00,0
Thu 15:50:00,0
Thu 15:55:00,0
Thu 16:00:00,0
Thu 16:05:00,0
Thu 16:10:00,0
Thu 16:15:00,0
Thu 16:20:00,0
Thu 16:25:00,0
Thu 16:30:00,0
Thu 16:35:00,0
Thu 16:40:00,0
Thu 16:45:00,0
Thu 16:50:00,0
Thu 16:55:00,0
Thu 17:00:00,0
Thu 17:05:00,0
Thu 17:10:00,0
Thu 17:15:00,0
Thu 17:20:00,0
Thu 17:25:00,0
Thu 17:30:00,0
Thu 17:35:00,0
Thu 17:40:00,0
Thu 17:45:00,0
Thu 17:50:00,0
Thu 17:55:00,0
Thu 18:00:00,0
Thu 18:05:00,0
Thu 18:10:00,0
Thu 18:15:00,0
Thu 18:20:00,0
Thu 18:25:00,0
Thu 18:30:00,0
Thu 18:35:00,0
Thu 18:40:00,0
Thu 18:45:00,0
Thu 18:50:00,0
Thu 18:55:00,0
Thu 19:00:00,0
Thu 19:05:00,0
Thu 19:10:00,0
Thu 19:15:00,0
Thu 19:20:00,0
Thu 19:25:00,0
Thu 19:30:00,0
Thu 19:35:00,0
Thu 19:40:00,0
Thu 19:45:00,0
Thu 19:50:00,0
Thu 19:55:00,0
Thu 20:00:00,0
Thu 20:05:00,0
Thu 20:10:00,0
Thu 20:15:00,72
Thu 20:20:00,72
Thu 20:25:00,72
Thu 20:30:00,72
Thu 20:35:00,144
Thu 20:40:00,144
Thu 20:45:00,144
Thu 20:50:00,144
Thu 20:55:00,144
Thu 21:00:00,144
Thu 21:05:00,144
Thu 21:10:00,216
Thu 21:15:00,216
Thu 21:20:00,360
Thu 21:25:00,648
Thu 21:30:00,792
Thu 21:35:00,864
Thu 21:40:00,1368
Thu 21:45:00,1584
Thu 21:50:00,1872
Thu 21:55:00,2160
Thu 22:00:00,2448
Thu 22:05:00,2736
Thu 22:10:00,2736
Thu 22:15:00,3024
Thu 22:20:00,3672
Thu 22:25:00,4176
Thu 22:30:00,4464
Thu 22:35:00,4608
Thu 22:40:00,4968
Thu 22:45:00,5040
Thu 22:50:00,5400
Thu 22:55:00,5616
Thu 23:00:00,5976
Thu 23:05:00,6336
Thu 23:10:00,6552
Thu 23:15:00,6984
Thu 23:20:00,7344
Thu 23:25:00,7488
Thu 23:30:00,7776
Thu 23:35:00,7776
Thu 23:40:00,7704
Thu 23:45:00,7920
Thu 23:50:00,7920
Thu 23:55:00,7920
Fri 00:00:00,8208
Fri 00:05:00,7776
Fri 00:10:00,7776
Fri 00:15:00,7632
Fri 00:20:00,7416
Fri 00:25:00,7344
Fri 00:30:00,7056
Fri 00:35:00,6624
Fri 00:40:00,6336
Fri 00:45:00,6192
Fri 00:50:00,5976
Fri 00:55:00,5976
Fri 01:00:00,5544
Fri 01:05:00,5328
Fri 01:10:00,5112
Fri 01:15:00,4752
Fri 01:20:00,4392
Fri 01:25:00,4176
Fri 01:30:00,3888
Fri 01:35:00,3528
Fri 01:40:00,3240
Fri 01:45:00,2952
Fri 01:50:00,2736
Fri 01:55:00,2520
Fri 02:00:00,2304
Fri 02:05:00,1872
Fri 02:10:00,1656
Fri 02:15:00,1368
Fri 02:20:00,1224
Fri 02:25:00,1152
Fri 02:30:00,1152
Fri 02:35:00,936
Fri 02:40:00,792
Fri 02:45:00,792
Fri 02:50:00,576
Fri 02:55:00,504
Fri 03:00:00,360
Fri 03:05:00,360
Fri 03:10:00,360
Fri 03:15:00,216
Fri 03:20:00,216
Fri 03:25:00,144
Fri 03:30:00,144
Fri 03:35:00,72
Fri 03:40:00,72
Fri 03:45:00,0
Fri 03:50:00,0
Fri 03:55:00,0
Fri 04:00:00,0
Fri 04:05:00,0
Fri 04:10:00,0
Fri 04:15:00,0
Fri 04:20:00,0
Fri 04:25:00,0
Fri 04:30:00,0
Fri 04:35:00,0
Fri 04:40:00,0
Fri 04:45:00,0
Fri 04:50:00,0
Fri 04:55:00,0
Fri 05:00:00,0
Fri 05:05:00,0
Fri 05:10:00,0
Fri 05:15:00,0
Fri 05:20:00,0
Fri 05:25:00,0
Fri 05:30:00,0
Fri 05:35:00,0
Fri 05:40:00,0
Fri 05:45:00,0
Fri 05:50:00,0
Fri 05:55:00,0
Fri 06:00:00,0
Fri 06:05:00,0
Fri 06:10:00,0
Fri 06:15:00,0
Fri 06:20:00,0
Fri 06:25:00,0
Fri 06:30:00,0
Fri 06:35:00,0
Fri 06:40:00,0
Fri 06:45:00,0
Fri 06:50:00,0
Fri 06:55:00,0
Fri 07:00:00,0
Fri 07:05:00,0
Fri 07:10:00,0
Fri 07:15:00,0
Fri 07:20:00,0
Fri 07:25:00,0
Fri 07:30:00,0
Fri 07:35:00,0
Fri 07:40:00,0
Fri 07:45:00,0
Fri 07:50:00,0
Fri 07:55:00,0
Fri 08:00:00,0
Fri 08:05:00,0
Fri 08:10:00,0
Fri 08:15:00,0
Fri 08:20:00,0
Fri 08:25:00,0
Fri 08:30:00,0
Fri 08:35:00,0
Fri 08:40:00,0
Fri 08:45:00,0
Fri 08:50:00,0
Fri 08:55:00,0
Fri 09:00:00,0
Fri 09:05:00,0
Fri 09:10:00,0
Fri 09:15:00,0
Fri 09:20:00,0
Fri 09:25:00,0
Fri 09:30:00,0
Fri 09:35:00,0
Fri 09:40:00,0
Fri 09:45:00,0
Fri 09:50:00,0
Fri 09:55:00,0
Fri 10:00:00,0
Fri 10:05:00,0
Fri 10:10:00,0
Fri 10:15:00,0
Fri 10:20:00,0
Fri 10:25:00,0
Fri 10:30:00,0
Fri 10:35:00,0
Fri 10:40:00,0
Fri 10:45:00,0
Fri 10:50:00,0
Fri 10:55:00,0
Fri 11:00:00,0
Fri 11:05:00,0
Fri 11:10:00,0
Fri 11:15:00,0
Fri 11:20:00,0
Fri 11:25:00,0
Fri 11:30:00,0
Fri 11:35:00,0
Fri 11:40:00,0
Fri 11:45:00,0
Fri 11:50:00,0
Fri 11:55:00,0
Fri 12:00:00,0
Fri 12:05:00,0
Fri 12:10:00,0
Fri 12:15:00,0
Fri 12:20:00,0
Fri 12:25:00,0
Fri 12:30:00,0
Fri 12:35:00,0
Fri 12:40:00,0
Fri 12:45:00,0
Fri 12:50:00,0
Fri 12:55:00,0
Fri 13:00:00,0
Fri 13:05:00,0
Fri 13:10:00,0
Fri 13:15:00,0
Fri 13:20:00,0
Fri 13:25:00,0
Fri 13:30:00,0
Fri 13:35:00,0
Fri 13:40:00,0
Fri 13:45:00,0
Fri 13:50:00,0
Fri 13:55:00,0
Fri 14:00:00,0
Fri 14:05:00,0
Fri 14:10:00,0
Fri 14:15:00,0
Fri 14:20:00,0
Fri 14:25:00,0
Fri 14:30:00,0
Fri 14:35:00,0
Fri 14:40:00,0
Fri 14:45:00,0
Fri 14:50:00,0
Fri 14:55:00,0
Fri 15:00:00,0
Fri 15:05:00,0
Fri 15:10:00,0
Fri 15:15:00,0
Fri 15:20:00,0
Fri 15:25:00,0
Fri 15:30:00,0
Fri 15:35:00,0
Fri 15:40:00,0
Fri 15:45:00,0
Fri 15:50:00,0
Fri 15:55:00,0
Fri 16:00:00,0
Fri 16:05:00,0
Fri 16:10:00,0
Fri 16:15:00,0
Fri 16:20:00,0
Fri 16:25:00,0
Fri 16:30:00,0
Fri 16:35:00,0
Fri 16:40:00,0
Fri 16:45:00,0
Fri 16:50:00,0
Fri 16:55:00,0
Fri 17:00:00,0
Fri 17:05:00,0
Fri 17:10:00,0
Fri 17:15:00,0
Fri 17:20:00,0
Fri 17:25:00,0
Fri 17:30:00,0
Fri 17:35:00,0
Fri 17:40:00,0
Fri 17:45:00,0
Fri 17:50:00,0
Fri 17:55:00,0
Fri 18:00:00,0
Fri 18:05:00,0
Fri 18:10:00,0
Fri 18:15:00,0
Fri 18:20:00,0
Fri 18:25:00,0
Fri 18:30:00,0
Fri 18:35:00,0
Fri 18:40:00,0
Fri 18:45:00,0
Fri 18:50:00,0
Fri 18:55:00,0
Fri 19:00:00,0
Fri 19:05:00,0
Fri 19:10:00,0
Fri 19:15:00,0
Fri 19:20:00,0
Fri 19:25:00,0
Fri 19:30:00,0
Fri 19:35:00,0
Fri 19:40:00,0
Fri 19:45:00,0
Fri 19:50:00,0
Fri 19:55:00,0
Fri 20:00:00,0
Fri 20:05:00,0
Fri 20:10:00,0
Fri 20:15:00,0
Fri 20:20:00,0
Fri 20:25:00,0
Fri 20:30:00,0
Fri 20:35:00,0
Fri 20:40:00,0
Fri 20:45:00,0
Fri 20:50:00,72
Fri 20:55:00,144
Fri 21:00:00,144
Fri 21:05:00,144
Fri 21:10:00,216
Fri 21:15:00,216
Fri 21:20:00,288
Fri 21:25:00,504
Fri 21:30:00,720
Fri 21:35:00,936
Fri 21:40:00,1080
Fri 21:45:00,1224
Fri 21:50:00,1512
Fri 21:55:00,1728
Fri 22:00:00,1944
Fri 22:05:00,2160
Fri 22:10:00,2664
Fri 22:15:00,3024
Fri 22:20:00,3456
Fri 22:25:00,3600
Fri 22:30:00,3744
Fri 22:35:00,3960
Fri 22:40:00,4536
Fri 22:45:00,4752
Fri 22:50:00,5112
Fri 22:55:00,5328
Fri 23:00:00,5616
Fri 23:05:00,6336
Fri 23:10:00,6696
Fri 23:15:00,7056
Fri 23:20:00,7416
Fri 23:25:00,7488
Fri 23:30:00,7488
Fri 23:35:00,7848
Fri 23:40:00,8208
Fri 23:45:00,8208
Fri 23:50:00,8640
Fri 23:55:00,8496
Sat 00:00:00,8352
Sat 00:05:00,8496
Sat 00:10:00,8712
Sat 00:15:00,8496
Sat 00:20:00,8064
Sat 00:25:00,7848
Sat 00:30:00,7848
Sat 00:35:00,7488
Sat 00:40:00,7416
Sat 00:45:00,7056
Sat 00:50:00,6696
Sat 00:55:00,6408
Sat 01:00:00,6120
Sat 01:05:00,5832
Sat 01:10:00,5328
Sat 01:15:00,4752
Sat 01:20:00,4248
Sat 01:25:00,3960
Sat 01:30:00,3744
Sat 01:35:00,3456
Sat 01:40:00,3168
Sat 01:45:00,2880
Sat 01:50:00,2160
Sat 01:55:00,2016
Sat 02:00:00,1584
Sat 02:05:00,1440
Sat 02:10:00,1368
Sat 02:15:00,1152
Sat 02:20:00,936
Sat 02:25:00,792
Sat 02:30:00,576
Sat 02:35:00,576
Sat 02:40:00,432
Sat 02:45:00,360
Sat 02:50:00,360
Sat 02:55:00,216
Sat 03:00:00,216
Sat 03:05:00,144
Sat 03:10:00,144
Sat 03:15:00,72
Sat 03:20:00,72
Sat 03:25:00,72
Sat 03:30:00,72
Sat 03:35:00,72
Sat 03:40:00,72
Sat 03:45:00,72
Sat 03:50:00,72
Sat 03:55:00,72
Sat 04:00:00,72
Sat 04:05:00,72
Sat 04:10:00,72
Sat 04:15:00,72
Sat 04:20:00,72
Sat 04:25:00,0
Sat 04:30:00,0
Sat 04:35:00,0
Sat 04:40:00,0
Sat 04:45:00,0
Sat 04:50:00,0
Sat 04:55:00,0
Sat 05:00:00,0
Sat 05:05:00,0
Sat 05:10:00,0
Sat 05:15:00,0
Sat 05:20:00,0
Sat 05:25:00,0
Sat 05:30:00,0
Sat 05:35:00,0
Sat 05:40:00,0
Sat 05:45:00,0
Sat 05:50:00,0
Sat 05:55:00,0
Sat 06:00:00,0
Sat 06:05:00,0
Sat 06:10:00,0
Sat 06:15:00,0
Sat 06:20:00,0
Sat 06:25:00,0
Sat 06:30:00,0
Sat 06:35:00,0
Sat 06:40:00,0
Sat 06:45:00,0
Sat 06:50:00,0
Sat 06:55:00,0
Sat 07:00:00,0
Sat 07:05:00,0
Sat 07:10:00,0
Sat 07:15:00,0
Sat 07:20:00,0
Sat 07:25:00,0
Sat 07:30:00,0
Sat 07:35:00,0
Sat 07:40:00,0
Sat 07:45:00,0
Sat 07:50:00,0
Sat 07:55:00,0
Sat 08:00:00,0
Sat 08:05:00,0
Sat 08:10:00,0
Sat 08:15:00,0
Sat 08:20:00,0
Sat 08:25:00,0
Sat 08:30:00,0
Sat 08:35:00,0
Sat 08:40:00,0
Sat 08:45:00,0
Sat 08:50:00,0
Sat 08:55:00,0
Sat 09:00:00,0
Sat 09:05:00,0
Sat 09:10:00,0
Sat 09:15:00,0
Sat 09:20:00,0
Sat 09:25:00,0
Sat 09:30:00,0
Sat 09:35:00,0
Sat 09:40:00,0
Sat 09:45:00,0
Sat 09:50:00,0
Sat 09:55:00,0
Sat 10:00:00,0
Sat 10:05:00,0
Sat 10:10:00,0
Sat 10:15:00,0
Sat 10:20:00,0
Sat 10:25:00,0
Sat 10:30:00,0
Sat 10:35:00,0
Sat 10:40:00,0
Sat 10:45:00,0
Sat 10:50:00,0
Sat 10:55:00,0
Sat 11:00:00,0
Sat 11:05:00,0
Sat 11:10:00,0
Sat 11:15:00,0
Sat 11:20:00,0
Sat 11:25:00,0
Sat 11:30:00,0
Sat 11:35:00,0
Sat 11:40:00,0
Sat 11:45:00,0
Sat 11:50:00,0
Sat 11:55:00,0
Sat 12:00:00,0
Sat 12:05:00,0
Sat 12:10:00,0
Sat 12:15:00,0
Sat 12:20:00,0
Sat 12:25:00,0
Sat 12:30:00,0
Sat 12:35:00,0
Sat 12:40:00,0
Sat 12:45:00,0
Sat 12:50:00,0
Sat 12:55:00,0
Sat 13:00:00,0
Sat 13:05:00,0
Sat 13:10:00,0
Sat 13:15:00,0
Sat 13:20:00,0
Sat 13:25:00,0
Sat 13:30:00,0
Sat 13:35:00,0
Sat 13:40:00,0
Sat 13:45:00,0
Sat 13:50:00,0
Sat 13:55:00,0
Sat 14:00:00,0
Sat 14:05:00,0
Sat 14:10:00,0
Sat 14:15:00,0
Sat 14:20:00,0
Sat 14:25:00,0
Sat 14:30:00,0
Sat 14:35:00,0
Sat 14:40:00,0
Sat 14:45:00,0
Sat 14:50:00,0
Sat 14:55:00,0
Sat 15:00:00,0
Sat 15:05:00,0
Sat 15:10:00,0
Sat 15:15:00,0
Sat 15:20:00,0
Sat 15:25:00,0
Sat 15:30:00,0
Sat 15:35:00,0
Sat 15:40:00,0
Sat 15:45:00,0
Sat 15:50:00,0
Sat 15:55:00,0
Sat 16:00:00,0
Sat 16:05:00,0
Sat 16:10:00,0
Sat 16:15:00,0
Sat 16:20:00,0
Sat 16:25:00,0
Sat 16:30:00,0
Sat 16:35:00,0
Sat 16:40:00,0
Sat 16:45:00,0
Sat 16:50:00,0
Sat 16:55:00,0
Sat 17:00:00,0
Sat 17:05:00,0
Sat 17:10:00,0
Sat 17:15:00,0
Sat 17:20:00,0
Sat 17:25:00,0
Sat 17:30:00,0
Sat 17:35:00,0
Sat 17:40:00,0
Sat 17:45:00,0
Sat 17:50:00,0
Sat 17:55:00,0
Sat 18:00:00,0
Sat 18:05:00,0
Sat 18:10:00,0
Sat 18:15:00,0
Sat 18:20:00,0
Sat 18:25:00,0
Sat 18:30:00,0
Sat 18:35:00,0
Sat 18:40:00,0
Sat 18:45:00,0
Sat 18:50:00,0
Sat 18:55:00,0
Sat 19:00:00,0
Sat 19:05:00,0
Sat 19:10:00,0
Sat 19:15:00,0
Sat 19:20:00,0
Sat 19:25:00,0
Sat 19:30:00,0
Sat 19:35:00,0
Sat 19:40:00,0
Sat 19:45:00,0
Sat 19:50:00,0
Sat 19:55:00,0
Sat 20:00:00,0
Sat 20:05:00,0
Sat 20:10:00,0
Sat 20:15:00,72
Sat 20:20:00,72
Sat 20:25:00,144
Sat 20:30:00,144
Sat 20:35:00,144
Sat 20:40:00,144
Sat 20:45:00,216
Sat 20:50:00,216
Sat 20:55:00,216
Sat 21:00:00,216
Sat 21:05:00,288
Sat 21:10:00,432
Sat 21:15:00,576
Sat 21:20:00,648
Sat 21:25:00,1008
Sat 21:30:00,1296
Sat 21:35:00,1512
Sat 21:40:00,1656
Sat 21:45:00,1872
Sat 21:50:00,2160
Sat 21:55:00,2376
Sat 22:00:00,2448
Sat 22:05:00,2736
Sat 22:10:00,3024
Sat 22:15:00,3384
Sat 22:20:00,3528
Sat 22:25:00,4032
Sat 22:30:00,4392
Sat 22:35:00,4536
Sat 22:40:00,4968
Sat 22:45:00,5112
Sat 22:50:00,5544
Sat 22:55:00,5832
Sat 23:00:00,6264
Sat 23:05:00,6552
Sat 23:10:00,6624
Sat 23:15:00,6624
Sat 23:20:00,6984
Sat 23:25:00,7272
Sat 23:30:00,7344
Sat 23:35:00,7200
Sat 23:40:00,7200
Sat 23:45:00,6984
Sat 23:50:00,6912
Sat 23:55:00,6912
Sun 00:00:00,7200
Sun 00:05:00,7344
Sun 00:10:00,7272
Sun 00:15:00,6984
Sun 00:20:00,7200
Sun 00:25:00,7056
Sun 00:30:00,6840
Sun 00:35:00,6768
Sun 00:40:00,6408
Sun 00:45:00,6192
Sun 00:50:00,5904
Sun 00:55:00,5616
Sun 01:00:00,5256
Sun 01:05:00,5328
Sun 01:10:00,4896
Sun 01:15:00,4464
Sun 01:20:00,4248
Sun 01:25:00,4176
Sun 01:30:00,3672
Sun 01:35:00,3600
Sun 01:40:00,3384
Sun 01:45:00,3096
Sun 01:50:00,2880
Sun 01:55:00,2808
Sun 02:00:00,2664
Sun 02:05:00,2376
Sun 02:10:00,2016
Sun 02:15:00,1656
Sun 02:20:00,1512
Sun 02:25:00,1080
Sun 02:30:00,1008
Sun 02:35:00,720
Sun 02:40:00,648
Sun 02:45:00,576
Sun 02:50:00,576
Sun 02:55:00,504
Sun 03:00:00,432
Sun 03:05:00,432
Sun 03:10:00,432
Sun 03:15:00,144
Sun 03:20:00,144
Sun 03:25:00,144
Sun 03:30:00,144
Sun 03:35:00,0
Sun 03:40:00,0
Sun 03:45:00,0
Sun 03:50:00,0
Sun 03:55:00,0
Sun 04:00:00,0
Sun 04:05:00,0
Sun 04:10:00,0
Sun 04:15:00,0
Sun 04:20:00,0
Sun 04:25:00,0
Sun 04:30:00,0
Sun 04:35:00,0
Sun 04:40:00,0
Sun 04:45:00,0
Sun 04:50:00,0
Sun 04:55:00,0
Sun 05:00:00,0
Sun 05:05:00,0
Sun 05:10:00,0
Sun 05:15:00,0
Sun 05:20:00,0
Sun 05:25:00,0
Sun 05:30:00,0
Sun 05:35:00,0
Sun 05:40:00,0
Sun 05:45:00,0
Sun 05:50:00,0
Sun 05:55:00,0
Sun 06:00:00,0
Sun 06:05:00,0
Sun 06:10:00,0
Sun 06:15:00,0
Sun 06:20:00,0
Sun 06:25:00,0
Sun 06:30:00,0
Sun 06:35:00,0
Sun 06:40:00,0
Sun 06:45:00,0
Sun 06:50:00,0
Sun 06:55:00,0
Sun 07:00:00,0
Sun 07:05:00,0
Sun 07:10:00,0
Sun 07:15:00,0
Sun 07:20:00,0
Sun 07:25:00,0
Sun 07:30:00,0
Sun 07:35:00,0
Sun 07:40:00,0
Sun 07:45:00,0
Sun 07:50:00,0
Sun 07:55:00,0
Sun 08:00:00,0
Sun 08:05:00,0
Sun 08:10:00,0
Sun 08:15:00,0
Sun 08:20:00,0
Sun 08:25:00,0
Sun 08:30:00,0
Sun 08:35:00,0
Sun 08:40:00,0
Sun 08:45:00,0
Sun 08:50:00,0
Sun 08:55:00,0
Sun 09:00:00,0
Sun 09:05:00,0
Sun 09:10:00,0
Sun 09:15:00,0
Sun 09:20:00,0
Sun 09:25:00,0
Sun 09:30:00,0
Sun 09:35:00,0
Sun 09:40:00,0
Sun 09:45:00,0
Sun 09:50:00,0
Sun 09:55:00,0
Sun 10:00:00,0
Sun 10:05:00,0
Sun 10:10:00,0
Sun 10:15:00,0
Sun 10:20:00,0
Sun 10:25:00,0
Sun 10:30:00,0
Sun 10:35:00,0
Sun 10:40:00,0
Sun 10:45:00,0
Sun 10:50:00,0
Sun 10:55:00,0
Sun 11:00:00,0
Sun 11:05:00,0
Sun 11:10:00,0
Sun 11:15:00,0
Sun 11:20:00,0
Sun 11:25:00,0
Sun 11:30:00,0
Sun 11:35:00,0
Sun 11:40:00,0
Sun 11:45:00,0
Sun 11:50:00,0
Sun 11:55:00,0
Sun 12:00:00,0
Sun 12:05:00,0
Sun 12:10:00,0
Sun 12:15:00,0
Sun 12:20:00,0
Sun 12:25:00,0
Sun 12:30:00,0
Sun 12:35:00,0
Sun 12:40:00,0
Sun 12:45:00,0
Sun 12:50:00,0
Sun 12:55:00,0
Sun 13:00:00,0
Sun 13:05:00,0
Sun 13:10:00,0
Sun 13:15:00,0
Sun 13:20:00,0
Sun 13:25:00,0
Sun 13:30:00,0
Sun 13:35:00,0
Sun 13:40:00,0
Sun 13:45:00,0
Sun 13:50:00,0
Sun 13:55:00,0
Sun 14:00:00,0
Sun 14:05:00,0
Sun 14:10:00,0
Sun 14:15:00,0
Sun 14:20:00,0
Sun 14:25:00,0
Sun 14:30:00,0
Sun 14:35:00,0
Sun 14:40:00,0
Sun 14:45:00,0
Sun 14:50:00,0
Sun 14:55:00,0
Sun 15:00:00,0
Sun 15:05:00,0
Sun 15:10:00,0
Sun 15:15:00,0
Sun 15:20:00,0
Sun 15:25:00,0
Sun 15:30:00,0
Sun 15:35:00,0
Sun 15:40:00,0
Sun 15:45:00,0
Sun 15:50:00,0
Sun 15:55:00,0
Sun 16:00:00,0
Sun 16:05:00,0
Sun 16:10:00,0
Sun 16:15:00,0
Sun 16:20:00,0
Sun 16:25:00,0
Sun 16:30:00,0
Sun 16:35:00,0
Sun 16:40:00,0
Sun 16:45:00,0
Sun 16:50:00,0
Sun 16:55:00,0
Sun 17:00:00,0
Sun 17:05:00,0
Sun 17:10:00,0
Sun 17:15:00,0
Sun 17:20:00,0
Sun 17:25:00,0
Sun 17:30:00,0
Sun 17:35:00,0
Sun 17:40:00,0
Sun 17:45:00,0
Sun 17:50:00,0
Sun 17:55:00,0
Sun 18:00:00,0
Sun 18:05:00,0
Sun 18:10:00,0
Sun 18:15:00,0
Sun 18:20:00,0
Sun 18:25:00,0
Sun 18:30:00,0
Sun 18:35:00,0
Sun 18:40:00,0
Sun 18:45:00,0
Sun 18:50:00,0
Sun 18:55:00,0
Sun 19:00:00,0
Sun 19:05:00,0
Sun 19:10:00,0
Sun 19:15:00,0
Sun 19:20:00,0
Sun 19:25:00,0
Sun 19:30:00,0
Sun 19:35:00,0
Sun 19:40:00,0
Sun 19:45:00,0
Sun 19:50:00,0
Sun 19:55:00,0
Sun 20:00:00,0
Sun 20:05:00,0
Sun 20:10:00,0
Sun 20:15:00,0
Sun 20:20:00,0
Sun 20:25:00,0
Sun 20:30:00,0
Sun 20:35:00,0
Sun 20:40:00,0
Sun 20:45:00,0
Sun 20:50:00,0
Sun 20:55:00,72
Sun 21:00:00,144
Sun 21:05:00,216
Sun 21:10:00,432
Sun 21:15:00,504
Sun 21:20:00,648
Sun 21:25:00,720
Sun 21:30:00,792
Sun 21:35:00,936
Sun 21:40:00,1080
Sun 21:45:00,1224
Sun 21:50:00,1368
Sun 21:55:00,1440
Sun 22:00:00,1656
Sun 22:05:00,1728
Sun 22:10:00,2016
Sun 22:15:00,2088
Sun 22:20:00,2160
Sun 22:25:00,2520
Sun 22:30:00,2880
Sun 22:35:00,3240
Sun 22:40:00,3384
Sun 22:45:00,3888
Sun 22:50:00,4680
Sun 22:55:00,4896
Sun 23:00:00,5184
Sun 23:05:00,5760
Sun 23:10:00,6048
Sun 23:15:00,6264
Sun 23:20:00,6408
Sun 23:25:00,6624
Sun 23:30:00,6840
Sun 23:35:00,7200
Sun 23:40:00,7344
Sun 23:45:00,7848
Sun 23:50:00,7776
Sun 23:55:00,7920